<?xml version="1.0" encoding="UTF-8"?>
<project-private xmlns="http://www.netbeans.org/ns/project-private/1">
    <editor-bookmarks xmlns="http://www.netbeans.org/ns/editor-bookmarks/2" lastBookmarkId="0"/>
    <open-files xmlns="http://www.netbeans.org/ns/projectui-open-files/2">
        <group>
            <file>file:/C:/Users/Lenovoç/Downloads/interfaz/src/UI/RealizarTransaccion.java</file>
            <file>file:/C:/Users/Lenovoç/Downloads/interfaz/src/UI/Login.java</file>
            <file>file:/C:/Users/Lenovoç/Downloads/interfaz/src/UI/CrearUsuario.java</file>
            <file>file:/C:/Users/Lenovoç/Downloads/interfaz/src/UI/MisTransacciones.java</file>
            <file>file:/C:/Users/Lenovoç/Downloads/interfaz/src/UI/MainMenu.java</file>
            <file>file:/C:/Users/Lenovoç/Downloads/interfaz/src/UI/Billetera.java</file>
        </group>
    </open-files>
</project-private>
